"category_id","section","title","question","help","type","keep_standard","pick_for_me","choose_own","project_types","sort","active"
"finish","Your Style","Hardware & Fixture Finish","What metal finish do you want throughout the home?","This one choice sets the finish for faucets, shower trim, door handles, the front door handleset and cabinet pulls, so everything matches.","style","N","Y","N","All","5","Y"
"roof","Exterior","Roof","What kind of roof would you like?","For ADUs and additions, we usually match your existing house.","tiered","Y","Y","Y","New Build, Addition","100","Y"
"stucco","Exterior","Stucco Finish","What stucco texture would you like?","We'll pick the exact color with you from a color deck.","tiered","Y","Y","N","New Build, Addition","110","Y"
"front-door","Exterior","Front Door","What style of front door would you like?","Your handleset comes in the finish you picked in step 1.","tiered","Y","Y","Y","New Build","120","Y"
"windows","Exterior","Windows","Which windows would you like?","All windows are dual-pane Low-E glass to keep the Arizona heat out.","tiered","Y","Y","N","New Build, Addition","130","Y"
"window-color","Exterior","Window Frame Color","What color window frames do you like?","Some colors cost more depending on the window brand.","style","N","Y","N","New Build, Addition","135","Y"
"patio-door","Exterior","Patio Door Type","What kind of patio door would you like?","","tiered","Y","Y","Y","New Build, Addition","140","Y"
"patio-door-size","Exterior","Patio Door Size","How wide should the patio door opening be?","Not sure? Tap Pick for me and we'll size it to your plans. Wider openings may need a bigger header, so we'll confirm with you.","style","N","Y","Y","New Build, Addition","145","Y"
"kitchen-faucet","Kitchen","Kitchen Faucet","Which kitchen faucet would you like?","Shown in one finish. Yours will come in the finish you picked in step 1.","tiered","Y","Y","Y","All","200","Y"
"kitchen-sink","Kitchen","Kitchen Sink","Which kitchen sink would you like?","","tiered","Y","Y","Y","All","210","Y"
"cabinet-brand","Kitchen","Cabinet Line","Which cabinet line would you like?","These are the cabinet makers we trust and use every day. Next you'll pick a door style, then a color.","style","N","Y","N","All","220","Y"
"cabinet-style","Kitchen","Cabinet Color","Which cabinet color do you like?","Showing the colors that come in the line and door style you picked. Want a two-tone kitchen (for example a different island color)? Tell us in the notes.","style","N","Y","Y","All","230","Y"
"cabinet-hardware","Kitchen","Cabinet Hardware","What style of cabinet handles do you like?","These will come in the finish you picked in step 1.","style","N","Y","N","All","240","Y"
"countertop","Kitchen","Countertops","What countertop would you like?","You'll pick the exact slab color with us at the stone yard.","tiered","Y","Y","N","All","250","Y"
"backsplash","Kitchen","Backsplash","What kitchen backsplash would you like?","","tiered","Y","Y","Y","All","260","Y"
"toilet","Bathrooms","Toilets","Which toilet would you like?","All toilets are elongated and comfort height (easier to sit and stand).","tiered","Y","Y","N","All","300","Y"
"bath-faucet","Bathrooms","Bathroom Faucets","Which bathroom sink faucet would you like?","Shown in one finish. Yours will come in the finish you picked in step 1.","tiered","Y","Y","Y","All","310","Y"
"shower-valve","Bathrooms","Shower Fixtures","What shower setup would you like?","Shown in one finish. Yours will come in the finish you picked in step 1.","tiered","Y","Y","Y","All","320","Y"
"shower-tile","Bathrooms","Shower Tile","What tile would you like on your shower walls?","We'll confirm the exact color with you after you pick a style.","tiered","Y","Y","Y","All","330","Y"
"flooring","Flooring","Flooring","What flooring would you like? Pick as many as you need.","Pick every type you want and tell us where each one goes, for example: LVP everywhere except bathrooms, tile in bathrooms, carpet in bedrooms.","multi","N","Y","Y","All","400","Y"
"drywall","Walls & Trim","Wall Texture","What wall finish would you like?","","tiered","Y","Y","N","All","500","Y"
"baseboard","Walls & Trim","Baseboards","What baseboard style do you like?","","tiered","Y","Y","Y","All","510","Y"
"casing","Walls & Trim","Door & Window Trim","What trim would you like around doors and windows?","","tiered","Y","Y","N","All","520","Y"
"paint","Walls & Trim","Paint","What paint package would you like?","Tell us any colors you already love in the notes (for example Sherwin-Williams Alabaster).","tiered","Y","Y","N","All","530","Y"
"door-style","Doors & Hardware","Interior Door Style","What interior door style do you like?","","style","N","Y","Y","All","600","Y"
"door-core","Doors & Hardware","Interior Door Core","Hollow core or solid core doors?","Solid core doors feel heavier and block much more sound.","tiered","Y","Y","N","All","610","Y"
"lighting","Lighting","Recessed Lights","What size recessed (can) lights would you like?","All recessed lights are LED and dimmable-ready.","style","N","Y","Y","All","700","Y"
"hvac","Comfort & Systems","Heating & Air Conditioning","Which heating and cooling system would you like?","Every system is sized for your home with a Manual J load calculation.","tiered","Y","Y","N","New Build, Addition","800","Y"
"insulation","Comfort & Systems","Insulation","What insulation would you like?","All homes meet or beat Arizona energy code.","tiered","Y","Y","N","New Build, Addition","810","Y"
"water-heater","Comfort & Systems","Water Heater","What kind of water heater would you like?","Gas or electric depends on what's available at your home. We'll confirm.","tiered","Y","Y","N","New Build, Addition","820","Y"
"cabinet-door","Kitchen","Cabinet Door Style","What cabinet door style do you like?","Showing the door styles available in the cabinet line you picked. Next you'll pick the color.","style","N","Y","N","All","225","Y"
"closet-door","Doors & Hardware","Closet Doors","What kind of closet doors would you like?","","tiered","Y","Y","Y","All","615","Y"
"addon-walls","Additional Options","Walls & Ceilings","Want any feature walls or ceilings?","Totally optional. Pick as many as you like and tell us where. Or tap No thanks. We'll price anything you pick.","multi","Y","N","Y","All","900","Y"
"addon-features","Additional Options","Built-Ins & Features","Any built-ins or special features?","Totally optional. Pick as many as you like and tell us where. Or tap No thanks.","multi","Y","N","Y","All","910","Y"
"addon-wellness","Additional Options","Wellness","Want to add any spa or wellness features?","Totally optional. Pick as many as you like. Or tap No thanks.","multi","Y","N","Y","All","920","Y"
"addon-outdoor","Additional Options","Outdoor Living","Any outdoor living upgrades?","Totally optional. Pick as many as you like. Or tap No thanks.","multi","Y","N","Y","New Build, Addition","930","Y"
"addon-tech","Additional Options","Tech & Comfort","Any tech or comfort upgrades?","Totally optional. Pick as many as you like. Or tap No thanks.","multi","Y","N","Y","All","940","Y"
