"option_id","category_id","name","tier","recommended","specs","why","photo","details_link","project_types","sort","active","show_if"
"toilet-cadet3","toilet","American Standard Cadet 3","Standard","N","Two-piece · 1.28 gal/flush · Right Height seat","","toilet-cadet3.jpg","https://www.americanstandard-us.com/products/cadet-3-1-28-gpf-4-8-lpf-left-trip-lever-chair-height-elongated-front-toilet","All","10","Y",""
"toilet-drake2","toilet","TOTO Drake II","Upgrade","Y","Two-piece · powerful Double Cyclone flush · easy-clean glaze","The best-flushing toilet for the money. Fewer clogs, easier cleaning.","toilet-drake2.jpg","https://www.totousa.com/drake-ii-two-piece-toilet-128-gpf-elongated-bowl","All","20","Y",""
"toilet-ultramax2","toilet","TOTO UltraMax II","Upgrade","N","One-piece · sleek, no seam to clean · Tornado flush","","toilet-ultramax2.jpg","https://www.totousa.com/ultramax-ii-one-piece-toilet-elongated-bowl-128-gpf-washlet-plus","All","30","Y",""
"toilet-washlet","toilet","TOTO WASHLET+ Smart Toilet","Premium","N","Heated seat · warm-water bidet wash · soft-close lid","","toilet-washlet.jpg","https://www.totousa.com/ultramax-ii-washlet-plus-s7a-one-piece-toilet-128-gpf?color=cotton","All","40","Y",""
"bf-moen-adler","bath-faucet","Moen Adler","Standard","N","Two-handle centerset · reliable and simple","","bf-moen-adler.jpg","https://shop.moen.com/products/84603","All","10","Y",""
"bf-delta-trinsic","bath-faucet","Delta Trinsic","Upgrade","Y","Single-handle · clean modern look · lifetime warranty","Timeless shape that works with any style, and very easy to keep clean.","bf-delta-trinsic.jpg","https://www.deltafaucet.com/bathroom/product/559LF-MPU.html","All","20","Y",""
"bf-moen-align","bath-faucet","Moen Align","Upgrade","N","Widespread (two handles, separate spout) · modern","","bf-moen-align.jpg","https://shop.moen.com/products/t6193","All","30","Y",""
"bf-kohler-purist","bath-faucet","Kohler Purist","Premium","N","Widespread · designer lever handles · solid brass","","bf-kohler-purist.jpg","https://www.kohler.com/en/products/bathroom-faucets/shop-bathroom-sink-faucets/purist-widespread-bathroom-sink-faucet-with-low-lever-handles-and-low-gooseneck-spout-14406-4","All","40","Y",""
"st-12x24","shower-tile","12x24 Porcelain Tile","Standard","Y","Large tiles, fewer grout lines · stone or concrete look","Clean, modern look with less grout to scrub. Great value.","st-12x24.jpg","","All","10","Y",""
"st-subway","shower-tile","Classic Subway Tile","Standard","N","3x6 or 3x12 glossy subway · timeless","","st-subway.jpg","","All","20","Y",""
"st-large","shower-tile","Large-Format Slab Look","Upgrade","N","24x48 or larger · almost no grout lines · high-end look","","st-large.jpg","","All","30","Y",""
"st-zellige","shower-tile","Zellige / Handmade Look","Premium","N","Glossy handmade-style tile · rich texture and color","","st-zellige.jpg","","All","40","Y",""
"kf-moen-adler","kitchen-faucet","Moen Adler Pull-Down","Standard","N","Single handle · pull-down sprayer","","kf-moen-adler.jpg","https://www.moen.com/products/Adler/Adler-Spot-Resist-Stainless-Kitchen-Faucet/87233SRS","All","10","Y",""
"kf-delta-trinsic","kitchen-faucet","Delta Trinsic Pull-Down","Upgrade","Y","Magnetic docking spray head · single handle · lifetime warranty","The spray head snaps back into place every time. Looks great in any kitchen.","kf-delta-trinsic.jpg","https://www.deltafaucet.com/kitchen/product/9159-AR-DST.html","All","20","Y",""
"kf-moen-align-touchless","kitchen-faucet","Moen Align Touchless","Upgrade","N","Wave your hand to turn on · great for messy hands","","kf-moen-align-touchless.jpg","https://shop.moen.com/products/7565ewc","All","30","Y",""
"kf-kohler-crue","kitchen-faucet","Kohler Crue Semi-Pro","Premium","N","Restaurant-style spring spout · powerful spray","","kf-kohler-crue.jpg","https://www.kohler.com/en/products/kitchen-faucets/shop-kitchen-faucets/crue-pull-down-kitchen-sink-faucet-w-three-function-sprayhead-22972","All","40","Y",""
"ch-bar","cabinet-hardware","Bar Pulls","Style","Y","Long straight pulls · modern and easy to grab","Comfortable to use and works with any cabinet style.","ch-bar.jpg","","All","10","Y",""
"ch-cup","cabinet-hardware","Cup Pulls","Style","N","Curved bin pulls · farmhouse charm","","ch-cup.jpg","","All","20","Y",""
"ch-knob","cabinet-hardware","Knobs","Style","N","Round knobs · classic look","","ch-knob.jpg","","All","30","Y",""
"ct-granite-1","countertop","Granite (Level 1)","Standard","N","Natural stone · speckled patterns · very durable","","ct-granite-1.jpg","","All","10","Y",""
"ct-quartz-1","countertop","Quartz (Level 1)","Upgrade","Y","Solid or lightly patterned · never needs sealing","Clean modern look, stain resistant, and no yearly sealing.","ct-quartz-1.jpg","","All","20","Y",""
"ct-quartz-marble","countertop","Quartz Marble Look","Upgrade","N","White with gray veining · the look of marble without the upkeep","","ct-quartz-marble.jpg","","All","30","Y",""
"ct-quartzite","countertop","Natural Quartzite","Premium","N","Natural stone · one-of-a-kind veining · extremely hard","","ct-quartzite.jpg","https://www.msisurfaces.com/quartzite/taj-mahal/","All","40","Y",""
"bs-subway","backsplash","White Subway Tile","Standard","Y","3x6 glossy subway · classic and clean","Timeless and pairs with every countertop and cabinet color.","bs-subway.jpg","","All","10","Y",""
"bs-herringbone","backsplash","Herringbone Pattern","Upgrade","N","Zig-zag pattern · adds movement and detail","","bs-herringbone.jpg","","All","20","Y",""
"bs-zellige","backsplash","Zellige / Handmade Look","Upgrade","N","Glossy handmade-style tile · rich texture","","bs-zellige.jpg","","All","30","Y",""
"bs-slab","backsplash","Full-Height Slab","Premium","N","Countertop material runs up the wall · no grout lines","","bs-slab.jpg","","All","40","Y",""
"door-slab","door-style","Flat Slab","Style","N","Smooth, flat face · modern and minimal","","door-slab.jpg","https://www.masonite.com/doors/interior/dr-prm-fl-80/","All","10","Y",""
"door-1panel","door-style","1-Panel Shaker","Style","Y","One recessed panel · clean and modern","Clean and timeless, and it matches shaker cabinets perfectly.","door-1panel.jpg","https://www.masonite.com/doors/interior/dr-sm-lnp-80/","All","20","Y",""
"door-2panel","door-style","2-Panel Shaker","Style","N","Two stacked panels · transitional","","door-2panel.jpg","https://www.masonite.com/doors/interior/dr-sm-log-80/","All","30","Y",""
"door-3panel","door-style","3-Panel Shaker","Style","N","Three equal panels · craftsman feel","","door-3panel.jpg","https://www.masonite.com/doors/interior/dr-sm-win-80/","All","40","Y",""
"door-4panel","door-style","4-Panel","Style","N","Four panels · traditional","","door-4panel.jpg","https://www.masonite.com/doors/interior/dr-sm-4p-80/","All","50","Y",""
"door-5panel","door-style","5-Panel Shaker","Style","N","Five horizontal panels · farmhouse and craftsman","","door-5panel.jpg","https://www.masonite.com/doors/interior/dr-sm-riv-80/","All","60","Y",""
"door-6panel","door-style","6-Panel Colonial","Style","N","Six raised panels · classic traditional","","door-6panel.jpg","https://www.masonite.com/doors/interior/dr-sm-6p-80/","All","70","Y",""
"core-hollow","door-core","Hollow Core","Standard","N","Lightweight molded door · standard in most homes","","core-hollow.jpg","","All","10","Y",""
"core-solid","door-core","Solid Core","Upgrade","Y","Heavy, solid feel · blocks much more sound","Feels high-end every time you close it, and makes bedrooms and bathrooms much quieter.","core-solid.jpg","https://www.masonite.com/solid-core/","All","20","Y",""
"hvac-goodman-std","hvac","Goodman Heat Pump (14.3 SEER2)","Standard","N","Reliable split system · heats and cools · 10-year parts warranty","","hvac-goodman-std.jpg","https://www.goodmanmfg.com/products/heat-pumps/glzs4b","All","10","Y",""
"hvac-goodman-2stage","hvac","Goodman Two-Stage Heat Pump","Upgrade","Y","Higher efficiency · runs quieter · more even temperatures","Phoenix summers are brutal. This lowers your power bill and keeps rooms more even.","hvac-goodman-2stage.jpg","https://www.goodmanmfg.com/products/heat-pumps/glzt7c","All","20","Y",""
"hvac-trane","hvac","Trane XR Heat Pump","Upgrade","N","Premium brand · very durable · high efficiency","","hvac-trane.jpg","https://www.trane.com/residential/en/products/heat-pumps/xr17/","All","30","Y",""
"hvac-daikin-fit","hvac","Daikin FIT Variable-Speed","Premium","N","Variable speed · whisper quiet · top efficiency","","hvac-daikin-fit.jpg","https://daikincomfort.com/products/heating-cooling/whole-house/heat-pump/daikin-fit-heat-pump","All","40","Y",""
"hvac-minisplit","hvac","Mitsubishi Ductless Mini-Split","Upgrade","N","No ducts · room-by-room control · great for ADUs and additions","","hvac-minisplit.jpg","https://www.mitsubishicomfort.com/products/m-series/msz-gs","All","50","Y",""
"fin-nickel","finish","Brushed Nickel","Style","N","Soft brushed silver · hides water spots and fingerprints","","fin-stainless.jpg","","All","10","Y",""
"fin-black","finish","Matte Black","Style","Y","Bold, modern contrast","Very popular, and it pairs with almost every cabinet color.","fin-black.jpg","","All","20","Y",""
"fin-bronze","finish","Oil-Rubbed Bronze","Style","N","Dark bronze · traditional warmth","","hw-bronze.jpg","","All","30","Y",""
"fin-gold","finish","Brushed Gold","Style","N","Warm, upscale accent","","fin-gold.jpg","","All","40","Y",""
"cab-brand-sollid","cabinet-brand","SOLLiD Cabinetry","Style","Y","Made in Chandler, AZ · all-wood · soft-close · huge range of styles","Our go-to line. Great quality, fast lead times, and we know it inside and out.","cab-brand-sollid.jpg","https://www.sollidenvii.com/door-styles-and-finishes","All","10","Y",""
"cab-brand-highland","cabinet-brand","Highland Cabinetry","Style","N","Phoenix warehouse · plywood boxes · dovetail soft-close drawers","","cab-brand-highland.jpg","https://highlandcabinetry.com/products/","All","20","Y",""
"cab-brand-topdrawer","cabinet-brand","Top Drawer","Style","N","Phoenix showroom · plywood boxes · soft-close · classic shaker colors","","cab-brand-topdrawer.jpg","https://www.tdcabinetry.com/shop","All","30","Y",""
"fl-lvp","flooring","Luxury Vinyl Plank (LVP)","Style","Y","Wood look · 100% waterproof · scratch resistant","Looks like wood and handles kids, pets and spills. Our most popular floor.","fl-lvp.jpg","","All","10","Y",""
"fl-tile","flooring","Porcelain Tile","Style","N","Very durable · stays cool · great for bathrooms and entries","","fl-tile-large.jpg","","All","20","Y",""
"fl-carpet","flooring","Carpet","Style","N","Soft and quiet · usually bedrooms","","fl-carpet.jpg","","All","30","Y",""
"light-4in","lighting","4-Inch Recessed","Style","Y","Slim LED · smaller, cleaner look on the ceiling","A cleaner modern look. We add a few more lights so rooms stay bright.","light-4in.jpg","https://www.amazon.com/dp/B07K6W5Y92","All","10","Y",""
"light-6in","lighting","6-Inch Recessed","Style","N","Slim LED · classic size · more light per fixture","","light-6in.jpg","https://www.amazon.com/dp/B07K6VZST9","All","20","Y",""
"roof-match","roof","Match My Existing House","Standard","Y","For ADUs and additions · same roof type and color as your main home","Makes the new space look like it was always part of the house.","roof-match.jpg","","ADU, Addition","5","Y",""
"roof-shingle","roof","Asphalt Shingle","Standard","N","Architectural dimensional shingles · 30-year warranty","","roof-shingle.jpg","","All","10","Y",""
"roof-tile","roof","Concrete Tile","Upgrade","N","Classic Arizona look · lasts 50+ years · great in the heat","","roof-tile.jpg","","All","20","Y",""
"roof-metal","roof","Standing Seam Metal","Premium","N","Modern look · reflects heat · very long life","","roof-metal.jpg","","All","30","Y",""
"stucco-sand","stucco","Sand Finish","Standard","Y","Fine, even sandpaper texture · the Arizona standard","Clean look that hides small imperfections and is easy to touch up.","stucco-sand.jpg","","All","10","Y",""
"stucco-lace","stucco","Lace / Knockdown","Standard","N","Rougher, flattened splatter texture · Spanish look","","stucco-lace.jpg","","All","20","Y",""
"stucco-dash","stucco","Dash Finish","Standard","N","Heavy sprayed-on bumpy texture · rustic","","stucco-dash.jpg","","All","30","Y",""
"stucco-smooth","stucco","Smooth (Santa Barbara)","Upgrade","N","Hand-troweled smooth finish · modern and high-end","","stucco-smooth.jpg","","All","40","Y",""
"fd-fiberglass-shaker","front-door","Fiberglass Shaker","Standard","N","Solid fiberglass · won't warp or crack · paint any color","","fd-fiberglass-shaker.jpg","","All","10","Y",""
"fd-craftsman","front-door","Craftsman with Glass","Upgrade","N","Glass across the top · lets in light · classic curb appeal","","fd-craftsman.jpg","","All","20","Y",""
"fd-modern-glass","front-door","Modern with Glass Strips","Upgrade","Y","Frosted glass strips · modern look · privacy with light","Great curb appeal and brings daylight into your entry without losing privacy.","fd-modern-glass.jpg","","All","30","Y",""
"fd-iron","front-door","Wrought Iron & Glass","Premium","N","Iron scrollwork over operable glass · Southwest statement","","fd-iron.jpg","","All","40","Y",""
"fd-pivot","front-door","Oversized Pivot Door","Premium","N","Extra-wide door that pivots on center · architectural wow","","fd-pivot.jpg","","All","50","Y",""
"win-vinyl-std","windows","Standard Vinyl Windows","Standard","Y","Dual-pane Low-E vinyl (Milgard or similar)","Excellent energy savings for the money and a lifetime warranty.","win-vinyl-std.jpg","https://www.milgard.com/windows/V400","All","10","Y",""
"win-pella","windows","Pella","Upgrade","N","Well-known brand · more frame colors and styles","","win-pella.jpg","https://www.pella.com/shop/windows/250-series/double-hung-windows/","All","20","Y",""
"win-andersen","windows","Andersen","Upgrade","N","Fibrex composite frames · slim profiles · strong warranty","","win-andersen.jpg","https://www.andersenwindows.com/windows-and-doors/windows/single-hung-and-double-hung-windows/400-series-tilt-wash-double-hung-window","All","30","Y",""
"win-marvin","windows","Marvin","Premium","N","Top of the line · fiberglass or wood-clad · slimmest frames","","win-marvin.jpg","https://www.marvin.com/products/windows/double-hung/elevate-double-hung-window","All","40","Y",""
"wc-white","window-color","White","Style","N","Clean and classic","","wc-white.jpg","","All","10","Y",""
"wc-tan","window-color","Tan / Almond","Style","N","Blends with Arizona stucco","","wc-tan.jpg","","All","20","Y",""
"wc-black","window-color","Black","Style","Y","Modern, bold frames","The most requested look right now. Pairs with any stucco color.","wc-black.jpg","","All","30","Y",""
"wc-bronze","window-color","Bronze","Style","N","Warm dark tone","","wc-bronze.jpg","","All","40","Y",""
"pd-slider","patio-door","Sliding Glass Door","Standard","Y","Dual-pane Low-E · smooth-gliding · space saving","Lets in lots of light and never swings into your room or patio.","pd-slider.jpg","https://www.pella.com/shop/doors/patio-doors/250-series/sliding-patio-doors/","All","10","Y",""
"pd-french","patio-door","French Doors","Upgrade","N","Two hinged doors · classic, elegant look","","pd-french.jpg","https://www.pella.com/shop/doors/patio-doors/250-series/hinged-patio-doors/","All","20","Y",""
"pd-multislide","patio-door","Multi-Slide Wall","Premium","N","Panels stack to open a whole wall · indoor-outdoor living","","pd-multislide.jpg","https://www.milgard.com/doors/AX650","All","30","Y",""
"pd-bifold","patio-door","Bi-Fold Wall","Premium","N","Panels fold like an accordion · opens a full wall","","pd-bifold.jpg","https://www.milgard.com/doors/AX650/bi-fold","All","40","Y",""
"pds-6","patio-door-size","6 ft","Style","N","Standard 2-panel door","","text:6 ft","","All","10","Y",""
"pds-8","patio-door-size","8 ft","Style","Y","Roomier 2-panel door","A nice step up in light and access without a bigger header.","text:8 ft","","All","20","Y",""
"pds-9","patio-door-size","9 ft","Style","N","Wide 2- or 3-panel door","","text:9 ft","","All","30","Y",""
"pds-10","patio-door-size","10 ft","Style","N","3-panel door or small multi-slide","","text:10 ft","","All","40","Y",""
"pds-12","patio-door-size","12 ft","Style","N","3- or 4-panel · great for multi-slide","","text:12 ft","","All","50","Y",""
"pds-15","patio-door-size","15 ft","Style","N","4-panel multi-slide or bi-fold","","text:15 ft","","All","60","Y",""
"pds-18","patio-door-size","18 ft","Style","N","Opens up a whole wall","","text:18 ft","","All","70","Y",""
"sink-undermount-ss","kitchen-sink","Undermount Stainless Steel","Standard","Y","Single large bowl · mounts under the counter","Easy to clean, fits big pans, and works with any style.","sink-undermount-ss.jpg","https://www.kraususa.com/kraus-khu100-30-30-undermount-16-gauge-stainless-steel-single-bowl-kitchen-sink.html","All","10","Y",""
"sink-composite","kitchen-sink","Granite Composite Undermount","Upgrade","N","Matte stone-like finish · hides water spots · many colors","","sink-composite.jpg","","All","20","Y",""
"sink-farmhouse","kitchen-sink","Farmhouse (Apron Front)","Upgrade","N","Exposed front · white fireclay or stainless · statement piece","","sink-farmhouse.jpg","https://www.homedepot.com/p/KRAUS-Turino-Reversible-Farmhouse-Apron-Front-Fireclay-33-in-Single-Bowl-Kitchen-Sink-with-Bottom-Grid-in-Gloss-White-KFR1-33GWH/309558473","All","30","Y",""
"sv-delta-monitor","shower-valve","Delta Monitor Shower","Standard","N","Single handle · standard shower head · anti-scald valve","","sv-delta-monitor.jpg","https://www.deltafaucet.com/bathroom/product/T17230.html","All","10","Y",""
"sv-moen-posi","shower-valve","Moen Posi-Temp Shower","Standard","N","Single handle · standard shower head · anti-scald valve","","sv-moen-posi.jpg","https://shop.moen.com/products/82604","All","20","Y",""
"sv-rain-handheld","shower-valve","Rain Head + Handheld Combo","Upgrade","Y","Big overhead rain head plus a handheld wand on a slide bar","Relaxing rain shower, and the handheld makes cleaning the shower easy.","sv-rain-handheld.jpg","","All","30","Y",""
"sv-thermostatic","shower-valve","Thermostatic System","Premium","N","Set your exact temperature · separate volume control","","sv-thermostatic.jpg","https://shop.moen.com/products/uts4602ep","All","40","Y",""
"dw-8020","drywall","80/20 Knockdown","Standard","N","Light knockdown texture · our standard","","dw-8020.jpg","","All","10","Y",""
"dw-9010","drywall","90/10 Light Knockdown","Standard","Y","Very light knockdown · smoother, more modern look","A cleaner modern look at no extra cost.","dw-9010.jpg","","All","20","Y",""
"dw-level5","drywall","Level 5 Smooth","Upgrade","N","Perfectly smooth walls · gallery-quality finish","","dw-level5.jpg","","All","30","Y",""
"base-5-modern","baseboard","5-1/4 in. Modern Square","Standard","Y","Clean flat profile · crisp modern look","Simple and clean. Matches every style and is easy to dust.","base-5-modern.jpg","","All","10","Y",""
"base-3-colonial","baseboard","3-1/4 in. Colonial","Standard","N","Smaller traditional curved profile","","base-3-colonial.jpg","","All","20","Y",""
"base-7-craftsman","baseboard","7-1/4 in. Tall Craftsman","Upgrade","N","Tall baseboard · rich, custom look","","base-7-craftsman.jpg","","All","30","Y",""
"base-flush","baseboard","Flush / Reveal Base","Premium","N","Base sits flush with the wall · ultra-minimal modern","","base-flush.jpg","","All","40","Y",""
"case-3","casing","3 in. Casing","Standard","Y","Simple flat trim around doors and windows","Clean and classic. Pairs with our standard baseboard.","case-3.jpg","","All","10","Y",""
"case-craftsman","casing","Craftsman Header","Upgrade","N","Wider trim with a header on top · custom feel","","case-craftsman.jpg","","All","20","Y",""
"case-none","casing","Caseless (No Trim)","Upgrade","N","Drywall wraps into the opening · sleek, modern, minimal","","case-none.jpg","","All","30","Y",""
"paint-standard","paint","Standard Package","Standard","Y","One wall color throughout · white ceilings and trim","Clean and bright. Easy to decorate around.","paint-standard.jpg","","All","10","Y",""
"paint-accent","paint","Accent Walls","Upgrade","N","Standard package plus up to 2 accent walls","","paint-accent.jpg","","All","20","Y",""
"paint-rooms","paint","Color by Room","Upgrade","N","A different color in each room","","paint-rooms.jpg","","All","30","Y",""
"paint-premium","paint","Premium Scrubbable Paint","Upgrade","N","Top-line washable paint (Sherwin-Williams Emerald or similar)","","paint-premium.jpg","https://www.sherwin-williams.com/homeowners/products/emerald-interior-acrylic-latex-paint","All","40","Y",""
"ins-cellulose","insulation","Blown Cellulose + Batts","Standard","N","Blown-in attic insulation · batts in the walls · meets code","","ins-cellulose.jpg","","All","10","Y",""
"ins-foam","insulation","Spray Foam","Upgrade","Y","Seals every gap · cooler attic · quieter home","In Phoenix heat, spray foam can noticeably cut cooling bills and keep rooms more even.","ins-foam.jpg","","All","20","Y",""
"wh-tank","water-heater","50-Gallon Tank","Standard","N","Reliable and simple · gas or electric","","wh-tank.jpg","","All","10","Y",""
"wh-tankless","water-heater","Tankless","Upgrade","Y","Endless hot water · mounts on the wall · saves space","Never run out of hot water, and it frees up a closet's worth of space.","wh-tankless.jpg","https://www.rinnai.us/residential/product-detail/re199in","All","20","Y",""
"wh-heatpump","water-heater","Hybrid Heat Pump","Upgrade","N","Electric · up to 3x more efficient · may qualify for rebates","","wh-heatpump.jpg","","All","30","Y",""
"cab-sollid-miami-white","cabinet-style","Miami White","Style","Y","Bright white · SOLLiD THREE series","Crisp and bright. Works with every countertop and our most-picked SOLLiD finish.","cab-sollid-miami-white.jpg","https://www.sollidenvii.com/door-styles-and-finishes","All","10","Y","cabinet-brand=cab-brand-sollid&cabinet-door=cab-door-slim-shaker"
"cab-sollid-alpine-slim-french-grey","cabinet-style","Alpine Slim · French Grey","Style","N","Soft gray","","cab-sollid-alpine-slim-french-grey.jpg","https://www.sollidenvii.com/door-styles-and-finishes","All","20","Y","cabinet-brand=cab-brand-sollid&cabinet-door=cab-door-slim-shaker"
"cab-sollid-venice-accessible-beige","cabinet-style","Venice · Accessible Beige","Style","N","Warm greige","","cab-sollid-venice-accessible-beige.jpg","https://www.sollidenvii.com/door-styles-and-finishes","All","30","Y","cabinet-brand=cab-brand-sollid&cabinet-door=cab-door-shaker"
"cab-sollid-miami-sand","cabinet-style","Miami Sand","Style","N","Light natural wood","","cab-sollid-miami-sand.jpg","https://www.sollidenvii.com/door-styles-and-finishes","All","40","Y","cabinet-brand=cab-brand-sollid&cabinet-door=cab-door-slim-shaker"
"cab-sollid-miami-toast","cabinet-style","Miami Toast","Style","N","Medium brown wood","","cab-sollid-miami-toast.jpg","https://www.sollidenvii.com/door-styles-and-finishes","All","50","Y","cabinet-brand=cab-brand-sollid&cabinet-door=cab-door-slim-shaker"
"cab-sollid-miami-phantom","cabinet-style","Miami Phantom","Style","N","Black","","cab-sollid-miami-phantom.jpg","https://www.sollidenvii.com/door-styles-and-finishes","All","60","Y","cabinet-brand=cab-brand-sollid&cabinet-door=cab-door-slim-shaker"
"cab-sollid-napa-niebla-azul","cabinet-style","Napa · Niebla Azul","Style","N","Soft blue","","cab-sollid-napa-niebla-azul.jpg","https://www.sollidenvii.com/door-styles-and-finishes","All","70","Y","cabinet-brand=cab-brand-sollid&cabinet-door=cab-door-shaker"
"cab-sollid-hamilton-evergreen","cabinet-style","Hamilton · Evergreen","Style","N","Deep green","","cab-sollid-hamilton-evergreen.jpg","https://www.sollidenvii.com/door-styles-and-finishes","All","80","Y","cabinet-brand=cab-brand-sollid&cabinet-door=cab-door-raised"
"cab-sollid-phoenix-sand-slab","cabinet-style","Phoenix Sand (envii)","Style","N","Light wood grain","","cab-sollid-phoenix-sand-slab.jpg","https://www.sollidenvii.com/door-styles-and-finishes","All","90","Y","cabinet-brand=cab-brand-sollid&cabinet-door=cab-door-slab"
"cab-sollid-sonoma-reed-beachwood","cabinet-style","Sonoma Reed · Beachwood","Style","N","Rich dark wood","","cab-sollid-sonoma-reed-beachwood.jpg","https://www.sollidenvii.com/door-styles-and-finishes","All","100","Y","cabinet-brand=cab-brand-sollid&cabinet-door=cab-door-reeded"
"cab-highland-white-shaker","cabinet-style","White Shaker","Style","Y","White · plywood box, dovetail soft-close drawers","Timeless and bright. Highland's most popular style.","cab-highland-white-shaker.jpg","https://highlandcabinetry.com/wholesale-white-shaker-cabinets/","All","10","Y","cabinet-brand=cab-brand-highland&cabinet-door=cab-door-shaker"
"cab-highland-gray-shaker","cabinet-style","Gray Shaker","Style","N","Light gray","","cab-highland-gray-shaker.jpg","https://highlandcabinetry.com/wholesale-gray-shaker-cabinets/","All","20","Y","cabinet-brand=cab-brand-highland&cabinet-door=cab-door-shaker"
"cab-highland-luxe-shaker","cabinet-style","Luxe Shaker","Style","N","Light natural wood","","cab-highland-luxe-shaker.jpg","https://highlandcabinetry.com/wholesale-luxe-shaker-cabinets/","All","30","Y","cabinet-brand=cab-brand-highland&cabinet-door=cab-door-shaker"
"cab-highland-modern-slate","cabinet-style","Modern Slate","Style","N","Dark gray wood grain","","cab-highland-modern-slate.jpg","https://highlandcabinetry.com/wholesale-modern-slate-cabinets/","All","40","Y","cabinet-brand=cab-brand-highland&cabinet-door=cab-door-shaker"
"cab-highland-onyx-black-shaker","cabinet-style","Onyx Black Shaker","Style","N","Black","","cab-highland-onyx-black-shaker.jpg","https://highlandcabinetry.com/wholesale-onyx-black-shaker-cabinet/","All","50","Y","cabinet-brand=cab-brand-highland&cabinet-door=cab-door-shaker"
"cab-highland-signature-blue-shaker","cabinet-style","Signature Blue Shaker","Style","N","Navy blue","","cab-highland-signature-blue-shaker.jpg","https://highlandcabinetry.com/wholesale-signature-blue-shaker-cabinets/","All","60","Y","cabinet-brand=cab-brand-highland&cabinet-door=cab-door-shaker"
"cab-highland-nano-green","cabinet-style","Nano Green","Style","N","Sage green","","cab-highland-nano-green.jpg","https://highlandcabinetry.com/wholesale-nano-green-cabinets/","All","70","Y","cabinet-brand=cab-brand-highland&cabinet-door=cab-door-slim-shaker"
"cab-highland-white-oak-euro","cabinet-style","White Oak Euro","Style","N","Light oak","","cab-highland-white-oak-euro.jpg","https://highlandcabinetry.com/wholesale-white-oak-euro-cabinets/","All","80","Y","cabinet-brand=cab-brand-highland&cabinet-door=cab-door-slab"
"cab-highland-natural-walnut-euro","cabinet-style","Natural Walnut Euro","Style","N","Walnut","","cab-highland-natural-walnut-euro.jpg","https://highlandcabinetry.com/wholesale-natural-walnut-euro-cabinets/","All","90","Y","cabinet-brand=cab-brand-highland&cabinet-door=cab-door-slab"
"cab-highland-stone-grey-euro","cabinet-style","Stone Grey Euro","Style","N","Gray","","cab-highland-stone-grey-euro.jpg","https://highlandcabinetry.com/wholesale-stone-grey-euro-cabinets/","All","100","Y","cabinet-brand=cab-brand-highland&cabinet-door=cab-door-slab"
"cab-topdrawer-white-shaker","cabinet-style","White Shaker","Style","Y","White · Top Drawer's best seller","Their best seller for a reason. Clean and bright.","cab-topdrawer-white-shaker.jpg","https://www.tdcabinetry.com/cabinets/white-shaker","All","10","Y","cabinet-brand=cab-brand-topdrawer&cabinet-door=cab-door-shaker"
"cab-topdrawer-cream-shaker","cabinet-style","Cream Shaker","Style","N","Warm cream","","cab-topdrawer-cream-shaker.jpg","https://www.tdcabinetry.com/cabinets/cream-shaker","All","20","Y","cabinet-brand=cab-brand-topdrawer&cabinet-door=cab-door-shaker"
"cab-topdrawer-grey-shaker","cabinet-style","Grey Shaker","Style","N","Gray","","cab-topdrawer-grey-shaker.jpg","https://www.tdcabinetry.com/cabinets/grey-shaker","All","30","Y","cabinet-brand=cab-brand-topdrawer&cabinet-door=cab-door-shaker"
"cab-topdrawer-ash-brown","cabinet-style","Ash Brown","Style","N","Taupe / greige","","cab-topdrawer-ash-brown.jpg","https://www.tdcabinetry.com/cabinets/ash-brown","All","40","Y","cabinet-brand=cab-brand-topdrawer&cabinet-door=cab-door-shaker"
"cab-topdrawer-white-oak","cabinet-style","White Oak","Style","N","Natural oak","","cab-topdrawer-white-oak.jpg","https://www.tdcabinetry.com/cabinets/white-oak","All","50","Y","cabinet-brand=cab-brand-topdrawer&cabinet-door=cab-door-shaker"
"cab-topdrawer-hazel-nut-white-oak","cabinet-style","Hazel Nut White Oak","Style","N","Honey oak","","cab-topdrawer-hazel-nut-white-oak.jpg","https://www.tdcabinetry.com/cabinets/hazel-nut-white-oak","All","60","Y","cabinet-brand=cab-brand-topdrawer&cabinet-door=cab-door-shaker"
"cab-topdrawer-espresso","cabinet-style","Espresso","Style","N","Dark brown","","cab-topdrawer-espresso.jpg","https://www.tdcabinetry.com/cabinets/espresso","All","70","Y","cabinet-brand=cab-brand-topdrawer&cabinet-door=cab-door-shaker"
"cab-topdrawer-black-shaker","cabinet-style","Black Shaker","Style","N","Black","","cab-topdrawer-black-shaker.jpg","https://www.tdcabinetry.com/cabinets/black-shaker","All","80","Y","cabinet-brand=cab-brand-topdrawer&cabinet-door=cab-door-shaker"
"cab-topdrawer-blue-shaker","cabinet-style","Blue Shaker","Style","N","Navy blue","","cab-topdrawer-blue-shaker.jpg","https://www.tdcabinetry.com/cabinets/blue-shaker","All","90","Y","cabinet-brand=cab-brand-topdrawer&cabinet-door=cab-door-shaker"
"cab-topdrawer-olive-green","cabinet-style","Olive Green","Style","N","Sage / olive green","","cab-topdrawer-olive-green.jpg","https://www.tdcabinetry.com/cabinets/olive-green","All","100","Y","cabinet-brand=cab-brand-topdrawer&cabinet-door=cab-door-shaker"
"light-gimbal","lighting","Adjustable Gimbal","Style","N","Tilts to aim light at art, islands or accent walls","","light-other.jpg","https://www.amazon.com/dp/B0BRBGFW6C","All","30","Y",""
"cab-door-shaker","cabinet-door","Shaker","Style","cabinet-brand=cab-brand-highland;cabinet-brand=cab-brand-topdrawer","Classic recessed panel with a wide frame · the most popular style","Fits modern, farmhouse and classic homes, and never goes out of style.","cab-shaker.jpg","","All","10","Y","cabinet-brand=cab-brand-sollid;cabinet-brand=cab-brand-highland;cabinet-brand=cab-brand-topdrawer"
"cab-door-slim-shaker","cabinet-door","Slim Shaker","Style","cabinet-brand=cab-brand-sollid","Shaker with a narrow frame · cleaner, more modern","The cleanest modern shaker look, and the style of our go-to SOLLiD white.","cab-sollid-miami-white.jpg","","All","20","Y","cabinet-brand=cab-brand-sollid;cabinet-brand=cab-brand-highland"
"cab-door-slab","cabinet-door","Flat Slab (Modern)","Style","N","Smooth flat doors · sleek and minimal","","cab-slab.jpg","","All","30","Y","cabinet-brand=cab-brand-sollid;cabinet-brand=cab-brand-highland"
"cab-door-raised","cabinet-door","Raised Panel (Traditional)","Style","N","Raised center panel · classic detail","","cab-raised.jpg","","All","40","Y","cabinet-brand=cab-brand-sollid"
"cab-door-reeded","cabinet-door","Fluted / Reeded","Style","N","Vertical grooves · high-end designer look","","cab-sollid-sonoma-reed-beachwood.jpg","","All","50","Y","cabinet-brand=cab-brand-sollid"
"fl-hardwood","flooring","Engineered Hardwood","Style","N","Real wood top layer · warm and rich · best in bedrooms and living areas","","fl-hardwood.jpg","","All","40","Y",""
"fl-tile-wood","flooring","Wood-Look Tile","Style","N","Porcelain planks that look like wood · waterproof · stays cool","","fl-tile-wood.jpg","","All","50","Y",""
"fl-laminate","flooring","Laminate","Style","N","Wood look · very scratch resistant · budget friendly","","fl-laminate.jpg","https://www.pergoflooring.com/laminate/collections/outlast","All","60","Y",""
"fl-concrete","flooring","Polished Concrete","Style","N","Sleek modern look · nearly indestructible · cool in summer","","fl-concrete.jpg","","All","70","Y",""
"fl-travertine","flooring","Travertine / Natural Stone","Style","N","Natural stone · timeless Mediterranean look","","fl-travertine.jpg","https://www.msisurfaces.com/travertine/tuscany-ivory/","All","80","Y",""
"fl-saltillo","flooring","Saltillo Tile","Style","N","Handmade terracotta · warm Southwest character","","fl-saltillo.jpg","","All","90","Y",""
"cd-bypass","closet-door","Bypass Sliding Doors","Standard","N","Two panels that slide past each other · no swing space needed","","cd-bypass.jpg","","All","10","Y",""
"cd-bifold","closet-door","Bifold Doors","Standard","N","Panels fold open · see the whole closet at once","","cd-bifold.jpg","","All","20","Y",""
"cd-hinged","closet-door","Hinged Swing Doors","Upgrade","Y","Match your interior doors · single or double","Looks custom because it matches every other door in the house.","cd-hinged.jpg","","All","30","Y",""
"cd-mirror","closet-door","Mirrored Bypass Doors","Upgrade","N","Full-length mirrors · makes rooms feel bigger","","cd-mirror.jpg","","All","40","Y",""
"cd-barn","closet-door","Barn Door","Upgrade","N","Sliding door on an exposed track · farmhouse or modern","","cd-barn.jpg","","All","50","Y",""
"cd-open","closet-door","No Door (Open)","Standard","N","Open closet opening · great for walk-ins","","cd-open.jpg","","All","60","Y",""
"aw-wainscoting","addon-walls","Wainscoting","Style","N","Paneled lower wall · dining rooms, halls, entries","","aw-wainscoting.jpg","","All","10","Y",""
"aw-board-batten","addon-walls","Board & Batten Wall","Style","N","Vertical trim grid · modern farmhouse accent","","aw-board-batten.jpg","","All","20","Y",""
"aw-shiplap","addon-walls","Shiplap","Style","N","Horizontal plank wall · relaxed, coastal-farmhouse feel","","aw-shiplap.jpg","","All","30","Y",""
"aw-slat-wall","addon-walls","Wood Slat / Fluted Wall","Style","N","Vertical wood slats · modern and sound-softening","","aw-slat-wall.jpg","","All","40","Y",""
"aw-stone-veneer","addon-walls","Stone or Brick Accent Wall","Style","N","Real-look stone or brick · great behind a TV or fireplace","","aw-stone-veneer.jpg","","All","50","Y",""
"aw-limewash","addon-walls","Limewash / Venetian Plaster","Style","N","Soft hand-applied texture · old-world, high-end","","aw-limewash.jpg","","All","60","Y",""
"aw-wallpaper","addon-walls","Feature Wallpaper","Style","N","Bold pattern on one wall · powder rooms love it","","aw-wallpaper.jpg","","All","70","Y",""
"aw-beams","addon-walls","Wood Ceiling Beams","Style","N","Faux wood beams · warmth and character overhead","","aw-beams.jpg","","All","80","Y",""
"aw-tray","addon-walls","Tray or Coffered Ceiling","Style","N","Stepped or grid ceiling · adds height and drama","","aw-tray.jpg","","All","90","Y",""
"af-fireplace","addon-features","Linear Electric Fireplace","Style","N","Built into a media wall · flame effect with or without heat","","af-fireplace.jpg","","All","10","Y",""
"af-closet-system","addon-features","SOKO Custom Closet System","Style","N","Built-in shelves, drawers and hanging · designed for your closet","","af-closet-system.jpg","https://www.sokodesigns.com/closets","All","20","Y",""
"af-pantry","addon-features","Walk-In Pantry Shelving","Style","N","Floor-to-ceiling shelves · everything in reach","","af-pantry.jpg","","All","30","Y",""
"af-mudroom","addon-features","Mudroom Bench & Cubbies","Style","N","Hooks, bench and storage by the garage or back door","","af-mudroom.jpg","","All","40","Y",""
"af-coffee-bar","addon-features","Coffee Bar / Wet Bar","Style","N","Built-in counter with cabinets · add a beverage fridge","","af-coffee-bar.jpg","","All","50","Y",""
"af-shelves","addon-features","Floating Shelves","Style","N","Wood shelves with hidden brackets · kitchen or living room","","af-shelves.jpg","","All","60","Y",""
"af-desk","addon-features","Built-In Desk / Office Nook","Style","N","Custom desk and shelves · work from home in style","","af-desk.jpg","","All","70","Y",""
"af-pet-wash","addon-features","Pet Wash Station","Style","N","Raised dog shower with handheld sprayer · laundry or mudroom","","af-pet-wash.jpg","","All","80","Y",""
"wl-sauna","addon-wellness","Sauna","Style","N","Indoor or backyard sauna · relax and recover","","wl-sauna.jpg","","All","10","Y",""
"wl-cold-plunge","addon-wellness","Cold Plunge","Style","N","Chilled plunge tub · pairs perfectly with a sauna","","wl-cold-plunge.jpg","https://plunge.com/products/plunge-all-in","All","20","Y",""
"wl-steam-shower","addon-wellness","Steam Shower","Style","N","Sealed glass shower with steam unit and bench","","wl-steam-shower.jpg","","All","30","Y",""
"wl-soaking-tub","addon-wellness","Freestanding Soaking Tub","Style","N","Deep freestanding tub · spa-like primary bath","","wl-soaking-tub.jpg","","All","40","Y",""
"wl-heated-floor","addon-wellness","Heated Bathroom Floors","Style","N","Warm tile underfoot · on a timer or thermostat","","wl-heated-floor.jpg","","All","50","Y",""
"od-pergola","addon-outdoor","Pergola","Style","N","Shade structure over your patio · wood or aluminum","","od-pergola.jpg","","All","10","Y",""
"od-misting","addon-outdoor","Misting System","Style","N","Cools your patio 15 to 20 degrees in the Arizona heat","","od-misting.jpg","","All","20","Y",""
"od-outdoor-kitchen","addon-outdoor","Outdoor Kitchen","Style","N","Built-in grill, counter and storage","","od-outdoor-kitchen.jpg","","All","30","Y",""
"od-firepit","addon-outdoor","Fire Pit","Style","N","Gas or wood fire pit with seating area","","od-firepit.jpg","","All","40","Y",""
"od-pavers","addon-outdoor","Paver Patio","Style","N","Paver patio or walkways · many colors and patterns","","od-pavers.jpg","","All","50","Y",""
"od-turf","addon-outdoor","Artificial Turf","Style","N","Green all year · no watering or mowing","","od-turf.jpg","","All","60","Y",""
"tc-ev-charger","addon-tech","EV Charger","Style","N","Level 2 charger in the garage · charge overnight","","tc-ev-charger.jpg","","All","10","Y",""
"tc-smart-home","addon-tech","Smart Home Package","Style","N","Smart thermostat, locks, lights and doorbell on your phone","","tc-smart-home.jpg","","All","20","Y",""
"tc-water","addon-tech","Water Softener + Drinking Water","Style","N","Softer water for Arizona's hard water · filtered RO faucet","","tc-water.jpg","","All","30","Y",""
"tc-shades","addon-tech","Motorized Shades","Style","N","Shades that open and close on a schedule or from your phone","","tc-shades.jpg","","All","40","Y",""
"tc-audio","addon-tech","Surround Sound / Speakers","Style","N","In-ceiling speakers prewired for music or movies","","tc-audio.jpg","https://www.polkaudio.com/en-us/product/built-in-speakers/in-ceiling/rc80i/112724.html","All","50","Y",""
"tc-cameras","addon-tech","Security Cameras","Style","N","Video doorbell and camera prewire","","tc-cameras.jpg","","All","60","Y",""
"tc-solar","addon-tech","Solar Ready","Style","N","Roof conduit and panel space for easy solar later","","tc-solar.jpg","","All","70","Y",""
